Workbook

Sheet README
B2: Prompt Study Workbook
B4: Purpose | C4: Track prompts (individually and grouped) so you can analyse what works.
B6: How it's organised
B7: Sheet: Groups | C7: One row per group. Declare the overall goal of the group. Status and total tokens are computed automatically from the Prompts sheet.
B8: Sheet: Prompts | C8: One row per prompt. Each prompt belongs to a Group ID, has its own goal, status, and tokens used.
B9: Sheet: Analysis | C9: Auto-computed summary: counts by status, tokens by group, average tokens, success rate.
B11: Workflow
B12: 1. | C12: Add a group in the Groups sheet (Group ID + Group Goal).
B13: 2. | C13: Add prompts in the Prompts sheet, referencing the Group ID.
B14: 3. | C14: Update Status and Tokens Used as you test each prompt.
B15: 4. | C15: Open the Analysis sheet to see roll-ups.
B17: Status values | C17: Draft, Testing, Success, Failed, Needs Review
B19: Tip | C19: Group ID and Status fields have dropdowns to keep data clean.

Sheet Groups
A1: Prompt Groups
A3: Group ID | B3: Group Name | C3: Group Goal | D3: Prompt Count | E3: Total Tokens | F3: Avg Tokens / Prompt | G3: Group Status
A4: G001 | C4: Make the aoTicketItem recursive based on size and on pather | D4: =COUNTIF(Prompts!$B$4:$B$1000,A4) -> 3 | E4: =SUMIF(Prompts!$B$4:$B$1000,A4,Prompts!$F$4:$F$1000) -> 0 | F4: =IFERROR(E4/D4,0) -> 0 | G4: =IF(D4=0,"Empty",IF(COUNTIFS(Prompts!$B$4:$B$1000,A4,Prompts!$E$4:$E$1000,"Draft")+COUNTIFS(Prompts!$B$4:$B$1000,A4,Prompts!$E$4:$E$1000,"Testing")+COUNTIFS(Prompts!$B$4:$B$1000,A4,Prompts!$E$4:$E$1000,"Needs Review")=0,"Complete","In Progress")) -> Complete
A5: G002 | C5: return the Ticket that is in the end status for the associated workflow of it is ticket type. UPDATE THE FRONT END BASED ON THAT
D7: =IF(A7="","",COUNTIF(Prompts!$B$4:$B$1000,A7)) | E7: =IF(A7="","",SUMIF(Prompts!$B$4:$B$1000,A7,Prompts!$F$4:$F$1000)) | F7: =IF(OR(A7="",D7=0),"",E7/D7) | G7: =IF(A7="","",IF(D7=0,"Empty",IF(COUNTIFS(Prompts!$B$4:$B$1000,A7,Prompts!$E$4:$E$1000,"Draft")+COUNTIFS(Prompts!$B$4:$B$1000,A7,Prompts!$E$4:$E$1000,"Testing")+COUNTIFS(Prompts!$B$4:$B$1000,A7,Prompts!$E$4:$E$1000,"Needs Review")=0,"Complete","In Progress")))
D8: =IF(A8="","",COUNTIF(Prompts!$B$4:$B$1000,A8)) | E8: =IF(A8="","",SUMIF(Prompts!$B$4:$B$1000,A8,Prompts!$F$4:$F$1000)) | F8: =IF(OR(A8="",D8=0),"",E8/D8) | G8: =IF(A8="","",IF(D8=0,"Empty",IF(COUNTIFS(Prompts!$B$4:$B$1000,A8,Prompts!$E$4:$E$1000,"Draft")+COUNTIFS(Prompts!$B$4:$B$1000,A8,Prompts!$E$4:$E$1000,"Testing")+COUNTIFS(Prompts!$B$4:$B$1000,A8,Prompts!$E$4:$E$1000,"Needs Review")=0,"Complete","In Progress")))
D9: =IF(A9="","",COUNTIF(Prompts!$B$4:$B$1000,A9)) | E9: =IF(A9="","",SUMIF(Prompts!$B$4:$B$1000,A9,Prompts!$F$4:$F$1000)) | F9: =IF(OR(A9="",D9=0),"",E9/D9) | G9: =IF(A9="","",IF(D9=0,"Empty",IF(COUNTIFS(Prompts!$B$4:$B$1000,A9,Prompts!$E$4:$E$1000,"Draft")+COUNTIFS(Prompts!$B$4:$B$1000,A9,Prompts!$E$4:$E$1000,"Testing")+COUNTIFS(Prompts!$B$4:$B$1000,A9,Prompts!$E$4:$E$1000,"Needs Review")=0,"Complete","In Progress")))
D10: =IF(A10="","",COUNTIF(Prompts!$B$4:$B$1000,A10)) | E10: =IF(A10="","",SUMIF(Prompts!$B$4:$B$1000,A10,Prompts!$F$4:$F$1000)) | F10: =IF(OR(A10="",D10=0),"",E10/D10) | G10: =IF(A10="","",IF(D10=0,"Empty",IF(COUNTIFS(Prompts!$B$4:$B$1000,A10,Prompts!$E$4:$E$1000,"Draft")+COUNTIFS(Prompts!$B$4:$B$1000,A10,Prompts!$E$4:$E$1000,"Testing")+COUNTIFS(Prompts!$B$4:$B$1000,A10,Prompts!$E$4:$E$1000,"Needs Review")=0,"Complete","In Progress")))
D11: =IF(A11="","",COUNTIF(Prompts!$B$4:$B$1000,A11)) | E11: =IF(A11="","",SUMIF(Prompts!$B$4:$B$1000,A11,Prompts!$F$4:$F$1000)) | F11: =IF(OR(A11="",D11=0),"",E11/D11) | G11: =IF(A11="","",IF(D11=0,"Empty",IF(COUNTIFS(Prompts!$B$4:$B$1000,A11,Prompts!$E$4:$E$1000,"Draft")+COUNTIFS(Prompts!$B$4:$B$1000,A11,Prompts!$E$4:$E$1000,"Testing")+COUNTIFS(Prompts!$B$4:$B$1000,A11,Prompts!$E$4:$E$1000,"Needs Review")=0,"Complete","In Progress")))
D12: =IF(A12="","",COUNTIF(Prompts!$B$4:$B$1000,A12)) | E12: =IF(A12="","",SUMIF(Prompts!$B$4:$B$1000,A12,Prompts!$F$4:$F$1000)) | F12: =IF(OR(A12="",D12=0),"",E12/D12) | G12: =IF(A12="","",IF(D12=0,"Empty",IF(COUNTIFS(Prompts!$B$4:$B$1000,A12,Prompts!$E$4:$E$1000,"Draft")+COUNTIFS(Prompts!$B$4:$B$1000,A12,Prompts!$E$4:$E$1000,"Testing")+COUNTIFS(Prompts!$B$4:$B$1000,A12,Prompts!$E$4:$E$1000,"Needs Review")=0,"Complete","In Progress")))
D13: =IF(A13="","",COUNTIF(Prompts!$B$4:$B$1000,A13)) | E13: =IF(A13="","",SUMIF(Prompts!$B$4:$B$1000,A13,Prompts!$F$4:$F$1000)) | F13: =IF(OR(A13="",D13=0),"",E13/D13) | G13: =IF(A13="","",IF(D13=0,"Empty",IF(COUNTIFS(Prompts!$B$4:$B$1000,A13,Prompts!$E$4:$E$1000,"Draft")+COUNTIFS(Prompts!$B$4:$B$1000,A13,Prompts!$E$4:$E$1000,"Testing")+COUNTIFS(Prompts!$B$4:$B$1000,A13,Prompts!$E$4:$E$1000,"Needs Review")=0,"Complete","In Progress")))

Sheet Prompts
A1: Prompts
A3: Prompt ID | B3: Group ID | C3: Prompt Goal | D3: Prompt Text | E3: Status | F3: Tokens Used | G3: Model | H3: Notes / Output Quality
A4: P001 | C4: Make the aoTicketItem recursive based on size and on pather | D4: i will go with option1 but this have a limitation in my case because i have another pather that need the same style but the card should be smaller how to work with that ? so the first pather need this component to be reasponsive based on screen but the second it can have many column and for each of this column it can contain many card so it was not based on the screen size anymore | E4: failed | F4: lot | G4: Claude Code | H4: very bad
A5: P002 | C5: Make the aoTicketItem recursive based on size and on pather | D5: For manageBackLog : The sprint should be change based on the screen size - for small screen sprint should be a container for aiTicketItem cards. - for non small screen sprint should be a container for aiTicketItem rows. For manageTicketTracking : no sprint exist but there was a separate lwc aoticketBoardColumn - the aoTicketItem card should be a small card for all screens - the aoticketBoardColumn shape should be placed recursivly based on screen size but the principale size is fixed - create a variant in the aoTicketItem to know if we need for large screen or smallScreen | E5: Failed | F5: lot | G5: Claude Code | H5: bad
A6: P003 | B6: G001 | C6: Make the aoTicketItem recursive based on size and on pather | D6: We have 2 caller for the aoTicketItem: - ManageBacklog.js - ManageTicketTracking.js the aoTicketItem should appear as a card that the element should be show in a good way not just left and right we can have a different level in flex direction column for the manageTicketTracking but it should still as it is for the manageBacklog for that what i need from you is to set a variant in the aoTicketItem so the pather set how the view should be displayed. for the card it should follow the same typography and styling of the previous style . in the aoTicketItem check for the variant to show as card or as row. | E6: Success | F6: lot | G6: Claude Code | H6: very good
A7: P004 | B7: G001 | C7: Make the aoTicketItem recursive based on size and on pather | D7: card take full pather caller size of aoTicketItem. all element of card should take the size in % so they appear in the same position always whenever the pather size is. - in case of large screen : * in ManageTicketTracking same as previous no change * in Manage Backlog same as previous no change - in case of small screen : * in ManageTicketTracking same as previous no change * in Manage Backlog the variant is card now | E7: Success | F7: normal | G7: Claude Code | H7: very good
A8: P005 | B8: G001 | C8: Make the aoTicketItem recursive based on size and on pather | D8: For @manageTicketTracking, do not pass the full subtask object. Pass only: Name,Ticket Type,Summary,Story Points,Assignee The child component should determine which specific fields to display based on the selected variant. For @manageBacklog, keep the full data structure as-is since it requires all ticket fields. Card Variants: We should now use distinct card variants based on context: full-ticket-card → Used for @manageBacklog (displays all fields) row → Used for row-style compact layouts tracking-card → Used for @manageTicketTracking (displays only the limited tracking fields) This separates backlog and tracking concerns cleanly while allowing the child component to control field visibility by variant rather than by inconsistent parent payload structures. @force-app/main/default/lwc/manageBacklog/ @force-app/main/default/lwc/manageTicketTracking/ @force-app/main/default/lwc/aoTicketItem/ | E8: Success | F8: normal | G8: Claude Code | H8: very good
A9: P006 | B9: G002 | D9: in @force-app/main/default/classes/domain/WorkflowService.cls create foundEndStatus input : workflowTransition [] output : EndStatusId single field Logic : found the End status which is the status that is the fromStatus for a workflowTransition but it does not found a fromStatus that match it for a another workflow Transition.
A10: P007 | B10: G002 | D10: in @force-app/main/default/classes/controller/manageTicketTracking/ManageTicketTrackingController.cls for loadManageTicketTrackingPage method after the gete sprintTickets : // create a set of key that contain just currentStatusId by looping throw all sprintTickets : so each currentStatus can be exist only one time // get all ticket type in a Set // get the workflow id for each ticket type and put also in a Set // get the final status for each workflow id and put in a MapSet key : workflowId > finalStatusId : to know the final status we stop when we found a toStatus that does not have // Then check for each sprintTicket the ticket type and found the related workflow Id and check if the currentStatus is the end status for this workflow if it was add to the returned map the for the sprintTickets if it was in the end status . | E10: Success | F10: very low | H10: very good
A11: P008 | B11: G002 | D11: Finally update the ManageTicketTracking.js to mention that ticket is on the final status use isEndStatus ENCAPSULATE IN SPRINTTICKETS STATE | E11: Success | F11: very low | H11: very good
A12: P009 | C12: sprint1-task9 sprint1-task10 | D12: in @force-app/main/default/lwc/manageTicketTracking/manageTicketTracking.js , for _loadData() method Todo : implement the todo in this line : // compare the id of the tickettype in sprintTickets with ticketTypes Then add the sprintTickets ticketTypeName and the same for association create for each of them a method in the util @force-app/main/default/lwc/aoTicketItem/ticketUtils.js | E12: Success | F12: very low | H12: excellent
A13: P010 | D13: Create a card list with a + button in the header to add a new row inline, and an expand/collapse button on header to reveal more rows. Minimal flat design, compact rows, no specific app style. | E13: Success | H13: very good
A14: P011 | C14: create Ticket Link backEnd + FrontEnd | D14: see the file P011.txt | E14: Failed | H14: bad
A15: P012 | C15: create Ticket Link backEnd + FrontEnd | D15: see the file P012.txt | E15: Success | H15: very good
A16: P013 | C16: 00.02.05.02 in manageTicketTracking requirement file : | D16: - A "+ Create linked work item" text button to create a brand new linked item. 00.02.05.02 : - when the link button is clicked dispatch event should be send from the child to the pather , - pather(ManageTicketTracking.js is the pather) it should handle the event and send a apex request to create a new ticket Link sequence : - controller will receive the request - controller use DomainCorrectness to check intgrity - controller will call the ticketService to save the new Ticket Link - Once the response is done in .then update the list of the ticketLink : linkedToItems state in the pather that we should already passed to the ticketLinkTo component | E16: Success | F16: low | H16: very good
A17: P014 | D17: `@force-app/main/default/classes/controller/manageTicketTracking/ _loadData method loadManageTicketTrackingPage call // Todo this should be calculated // Todo check the response.statuses that have isEnd true when the ticket hit this status so it was in the end status based on the return Map<String, Object> data = new Map<String, Object>{ 'status' => statuses, 'workflows' => workflows, 'sprint_tickets' => sprintTickets, 'members' => members, 'ticketTypes' => ticketTypes, 'sprint' => sprint }; where the status have the isEnd and is Start | E17: Success | F17: very low | H17: excellent
A18: P015 | D18: @force-app/main/default/classes/controller/manageTicketTracking/ _loadData method loadManageTicketTrackingPage call // Todo this should be calculated // Todo check the response.statuses that have isEnd true when the ticket hit this status so it was in the end status based on the return Map<String, Object> data = new Map<String, Object>{ 'status' => statuses, 'workflows' => workflows, 'sprint_tickets' => sprintTickets, 'members' => members, 'ticketTypes' => ticketTypes, 'sprint' => sprint }; where the status have the isEnd and is Start
A19: P016 | D19: @force-app/main/default/classes/domain/DomainCompleteValidator.cls add this new rules add DomainCompleteValidator check that we cannot do a transition from isEnd status add DomainCompleteValidator check that we cannot do a transition to todo and in @force-app/main/default/classes/domain/WorkflowService.cls in createWorkflowTransition calkl this new rules | E19: Success | F19: medium | H19: excellent
A20: P017 | C20: task 19 | D20: `@force-app/main/default/objects/Sprint__c/ Please add totalStoryPoint and totalEndedStoryPoint | E20: Success | F20: very low | H20: excellent
A21: P018 | C21: task 23 | D21: > please eliminate the unecessary element tag that put just for design in all lwc component just igonore the `@force-app/main/default/classes/controller/manageTicketTracking/`, `@force-app/main/default/classes/controller/manageWorkflow/`, `@force-app/main/default/lwc/manageWorkflowForm/`, `@force-app/main/default/lwc/projectMember/`, `@force-app/main/default/lwc/projectSelector/`, `@force-app/main/default/lwc/workflowVisualizer/`. > > use a modern style that looks like jira: > > **Jira-Like Frontend Design Plan** > > **Visual Identity & Design System** > > **Color Palette** > - Background: `#1D2125` (dark nav), `#FFFFFF` (main content), `#F4F5F7` (sidebar/panel bg) > - Primary Blue: `#0052CC` (buttons, links, active states) > - Accent: `#0065FF` (hover states) > - Text: `#172B4D` (primary), `#6B778C` (secondary/muted) > - Borders: `#DFE1E6` > - Status chips: green `#00875A`, orange `#FF991F`, red `#DE350B`, purple `#6554C0` > > **Typography** > - Font: `-apple-system, BlinkMacSystemFont, "Segoe UI"` — Jira uses system fonts for speed and neutrality > - Base size: 14px, line-height 1.4 > - Headings: 20–24px, weight 600 > > **Layout Structure** > ``` > ┌──────────────────────────────────────────────────────┐ > │ TOP NAV (56px) — Logo | Projects | Boards | Search │ > ├──────┬───────────────────────────────────────────────┤ > │ │ BREADCRUMB BAR │ > │ SIDE │───────────────────────────────────────────────┤ > │ BAR │ │ > │(64px │ MAIN CONTENT AREA │ > │ col- │ (Board / Backlog / Issue Detail) │ > │ laps)│ │ > │ │ │ > └──────┴───────────────────────────────────────────────┘ > ``` > > **Core Components to Build** > > 1. **Top Navigation Bar** — Logo + product switcher icon, breadcrumb (`Projects > My Project > Board`), global search (`/` shortcut trigger), Create button (blue, pill shape), Avatar + notifications icon (right side). > 2. **Left Sidebar** — Icon-based collapsed nav (64px wide), expandable to 240px with labels. Sections: Board, Backlog, Reports, Project Settings. Active state: blue left border + blue icon. > 3. **Kanban Board** — Horizontal scrollable columns; column header: name + issue count badge; cards with issue key (`PROJ-123`), title, assignee avatar, priority icon, story points; drag-and-drop between columns (use a library like dnd-kit); column footer: "+ Create issue" link. > 4. **Issue Card** — Priority icon (↑ high, = medium, ↓ low), issue type icon (bug 🐛, story 📖, task ✓), truncated title, bottom row: issue key (muted), assignee avatar (right-aligned). Hover: slight elevation shadow. > 5. **Issue Detail Panel / Modal** — Slide-in right panel (50% width) OR full modal. Left: title (editable inline), description (rich text), comments. Right sidebar: status dropdown, assignee, reporter, priority, sprint, story points, labels. Status: pill dropdown with color-coded options. > 6. **Backlog View** — Grouped list by sprint (collapsible sections). Each row: drag handle, issue type icon, key, title, assignee, story points, priority. Sprint header: name, dates, start/complete sprint button. > 7. **Status Dropdown (pill-style)** — Rounded badge buttons: TO DO (gray), IN PROGRESS (blue), DONE (green). Click to cycle or open mini-dropdown. > > **Component States to Handle** > > | Component | States | > | --------------- | ---------------------------------------------------- | > | Buttons | Default, Hover, Active, Disabled, Loading | > | Cards | Default, Hover, Dragging, Selected | > | Inputs | Default, Focus, Error, Disabled | > | Sidebar items | Default, Hover, Active | > | Dropdowns | Closed, Open, Selected | > > **Recommended Tech Stack** > > | Layer | Choice | > | ------------- | --------------------------------------------------- | > | Framework | React (JSX) | > | Styling | Tailwind CSS utility classes OR CSS Modules | > | Icons | `lucide-react` or Atlassian's icon set | > | Drag & Drop | `@dnd-kit/core` | > | Rich Text | `@tiptap/react` (for descriptions) | > | State | `useState` + `useReducer` (or Zustand for scale) | > | Routing | React Router (Board / Backlog / Settings routes) | > > so all the update related to html unecessary div and css --- | E21: Success | F21: high | G21: Claude Opus | H21: excellent
A22: P019 | C22: task 24 | D22: what i need from you TASK1 : is to delete the _updateSprint method in @force-app/main/default/lwc/manageBacklog/manageBacklog.js and create a method _enrichSprintWith<> based on the call so we will have for each action that enrich sprint a new function . TASK 2 : DO THE SAME FOR THE _updateTicketInSprints in @force-app/main/default/lwc/manageBacklog/manageBacklog.js | E22: Success | F22: medium | G22: Claude Opus | H22: excellent
A23: P020 | C23: Task 30 | D23: `in @force-app/main/default/classes/domain/TicketService.cls update the : // Todo return the Sprint object public static void deleteTicket(Ticket__c ticket) { try { ticket.RecordStatus__c = 'delete'; updateTicket(ticket); //Todo SprintService.decreaseTotalStoryPoint(ticket.Sprint__c, ticket.TotalStoryPoint__c);>> return full sprint object } catch (DmlException dex) { throw new ServiceException('DML error deleting ticket: ' + dex.getMessage()); } catch (Exception ex) { throw new ServiceException('Error deleting ticket: ' + ex.getMessage()); } } // Todo pass the sprintId also as input // Todo pass List of Ticket instead of list of ticket Id // return the array of sprint public static void deleteTickets(List<String> ticketIds) { try { List<Ticket__c> found = [SELECT Id, RecordStatus__c, Ticket_Type__c, Description__c, Creator__c FROM Ticket__c WHERE Id IN :ticketIds]; if (!found.isEmpty()) { for (Ticket__c t : found) t.RecordStatus__c = 'delete'; update found; } //Todo SprintService.decreaseTotalStoryPoint(); with passing the sprintId and the totalStory point to decreased } catch (DmlException dex) { throw new ServiceException('DML error deleting tickets: ' + dex.getMessage()); } catch (Exception ex) { throw new ServiceException('Error deleting tickets: ' + ex.getMessage()); } } and create the necessary method in @force-app/main/default/classes/domain/SprintService.cls decreaseTotalStoryPoint. Then update in @force-app/main/default/classes/controller/managebacklog/ManageBacklogController.cls the : @AuraEnabled public static APIResponse deleteTicket(String ticketId) { try { if (String.isBlank(ticketId)) return new APIResponse(false, 'ticketId is required'); Ticket__c existing = DomainCorrectness.requireTicketExists(ticketId); TicketService.deleteTicket(existing); // Todo return in the data the updated sprint return new APIResponse(true, 'Ticket deleted'); } catch (Exception ex) { return new APIResponse(false, 'Error deleting ticket: ' + ex.getMessage()); } } @AuraEnabled public static APIResponse deleteTickets(List<String> ticketIds) { try { if (ticketIds == null || ticketIds.isEmpty()) return new APIResponse(false, 'ticketIds are required'); // Todo do DomainCorrectness for all tickets and pass the List of Ticket__c instead of String TicketService.deleteTickets(ticketIds); // Todo return the updated sprints return new APIResponse(true, 'Tickets deleted'); } catch (Exception ex) { return new APIResponse(false, 'Error deleting tickets: ' + ex.getMessage()); } } Then update the frontEnd call in @force-app/main/default/lwc/manageBacklog/manageBacklog.js where we should update the sprint.totalStoryPoint based on this call in : handleTicketDelete(event) { const { ticketId } = event.detail; const ticketItem = event.target; deleteTicket({ ticketId }) .then(res => { this.isLoading = true; if (!res.success) { ticketItem.ticketError = res.message; return; } this.backlogTickets = this.backlogTickets.filter(t => t.Id !== ticketId); this._selectedTicketIds.delete(ticketId); this._selectedTicketIds = new Set(this._selectedTicketIds); this._enrichSprintsWithoutTicket(ticketId); // Todo updateSprintTotalStoryPoint this._showSuccess('Ticket deleted'); }) .catch(err => { ticketItem.ticketError = err.body?.message || 'Error deleting ticket'; }) .finally(() => { this.isLoading = false; }); } _executeBulkDelete() { const ids = [...this._selectedTicketIds]; deleteTickets({ ticketIds: ids }) .then(res => { this.isLoading = true; if (!res.success) { this.errorMessage = res.message; return; } this.backlogTickets = this.backlogTickets.filter(t => !ids.includes(t.Id)); this._selectedTicketIds = new Set(); this.sprints = [...this.sprints.map(s => { const tickets = s.tickets.filter(t => !ids.includes(t.Id)); return { ...s, tickets, hasTickets: tickets.length > 0 }; })]; this._showSuccess('Tickets deleted'); // Todo update the sprints total story point }) .catch(err => { this.errorMessage = err.body?.message || 'Error deleting tickets'; }) .finally(() => { this.isLoading = false; }); } | E23: Success | F23: High | G23: Claude haiku | H23: excellent
A24: P021 | C24: Task 30 | D24: in @force-app/main/default/classes/controller/managebacklog/ we have call deleteTicket and deleteTickets where the response is change now we return in deleteTicket : Map<String, Object> data = new Map<String, Object>{ 'updatedSprint' => updatedSprint }; return new APIResponse(true, 'Ticket deleted', data); so after call them in .then in _enrichSprintsWithoutTicket update the totalStoryPoint based on the return response so we need to set the new value that came from the server sprint.totalStoryPoint after format the returned Sprint | E24: Success | F24: medium | G24: Claude haiku | H24: excellent but more clariffy for formatSprint
A25: P022 | C25: Task 30 | D25: `do the same for _executeBulkDelete in @force-app/main/default/lwc/manageBacklog/manageBacklog.js when the deleteTickets return Map<String, Object> data = new Map<String, Object>{ 'updatedSprints' => updatedSprints }; return new APIResponse(true, 'Tickets deleted', data); also create a enrich SprintsWithoutTickets for it that also update the totalStoryPoints for each sprint and also spread it without the deleted tickets | E25: Success | F25: medium | G25: Claude haiku | H25: excellent but more clariffy for formatSprint
A26: P023 | C26: Task 33 | D26: `in @force-app/main/default/classes/domain/TicketService.cls : //Todo create method removeTicketFromSprint // Input : Ticket__c // call decreaseTotalStoryPoint(ticket.Sprint__c, ticket.StoryPoint__c); // update the ticket.Sprint__c to null // Output : Sprint and in @force-app/main/default/classes/controller/managebacklog/ManageBacklogController.cls : @AuraEnabled public static APIResponse moveTicketToBacklog(String ticketId) { try { if (String.isBlank(ticketId)) return new APIResponse(false, 'ticketId is required'); Ticket__c existing = DomainCorrectness.requireTicketExists(ticketId); // Todo call the created function in the service removeTicketFromSprint return new APIResponse(true, 'Ticket moved to backlog', updated); } catch (Exception ex) { return new APIResponse(false, 'Error moving ticket to backlog: ' + ex.getMessage()); } } go with todos | E26: Success | F26: medium | G26: Claude haiku | H26: excellent
A27: P024 | C27: Task 33 | D27: in @force-app/main/default/classes/domain/TicketService.cls : // Todo moveTicketToSprint : // Input : Ticket__c , Sprint__c // Logic : call increaseTotalStoryPoint and update Ticket Sprint id : without any validation // Output : return the updated Sprint in @force-app/main/default/classes/controller/managebacklog/ManageBacklogController.cls : @AuraEnabled public static APIResponse moveTicketToSprint(String ticketId, String sprintId) { try { if (String.isBlank(ticketId)) return new APIResponse(false, 'ticketId is required'); if (String.isBlank(sprintId)) return new APIResponse(false, 'sprintId is required'); Sprint__c sprint = DomainCorrectness.requireSprintExists(sprintId); Ticket__c existing = DomainCorrectness.requireTicketExists(ticketId); // Todo call moveTicketToSprint and return the updated Sprint return new APIResponse(true, 'Ticket moved to sprint', updated); } catch (Exception ex) { return new APIResponse(false, 'Error moving ticket to sprint: ' + ex.getMessage()); } } | E27: Success | F27: high | G27: Claude haiku | H27: the reason that is high that I do not tell him where I should create increase method and it not exist before.
A28: P025 | C28: Task 33 | D28: in TicketService.moveTicketToSprint before update the ticket.Sprint__c = sprint.Id : moveTicketToSprint we should call DomainCompleteValidator that ticket cannot move from sprint to another so throw a exception @force-app/main/default/classes/domain/DomainCompleteValidator.cls | E28: Success | F28: low | G28: Claude haiku | H28: excellent
A29: P026 | C29: Task34 | D29: create a Dto class that include classes in it, exist in @force-app/main/default/classes/domain/ : - CreateTicketResponse include createdTicket , updateSprint used in @force-app/main/default/classes/domain/TicketService.cls for createTicket method line 28 . the updated Sprint is from increaseTotalStoryPoint please do not validate wher ethis method exist and the return response . please do not validate if the method exist just go to the line and you will find it. | E29: Success | F29: LOW | G29: Claude haiku | H29: excellent
A30: P027 | C30: Task 36 | D30: in @force-app/main/default/classes/domain/SprintService.cls : // Todo create increaseTotalEndStatus : // input : Sprint , story point // output : Sprint in @force-app/main/default/classes/domain/TicketService.cls : public static Boolean changeTicketState(Ticket__c ticket, Status__c fromStatus, Status__c toStatus, List<WorkflowTransition__c> transitions) { try { DomainCompleteValidator.requireTransitionAllowed(fromStatus.Id, toStatus.Id, transitions); ticket.CurrentState__c = toStatus.Id; updateTicket(ticket); // Todo check if the DomainCompleteValidator.isEndStatus(toStatus) : // Todo then increaseTotalEndStatus in SprintService // return changeTicketStateDto instead of boolean value return DomainCompleteValidator.isEndStatus(toStatus); } catch (Exception ex) { throw new ServiceException('Error changing ticket state: ' + ex.getMessage()); } } in @force-app/main/default/classes/controller/manageTicketTracking/ManageTicketTrackingController.cls : update the return of changeTicketState and in @force-app/main/default/classes/controller/manageTicketTracking/ManageTicketTrackingController.cls | E30: Success | F30: high | G30: Claude haiku | H30: good
A31: P028 | C31: Task 36 | D31: update also change TicketState in @force-app/main/default/classes/controller/managebacklog/ManageBacklogController.cls | E31: Success | F31: medium | G31: Claude haiku | H31: good
A32: P028 | C32: Task 37 | D32: _callChangeTicketState(ticketId, fromStatusId, toStatusId) { changeTicketState({ ticketId, fromStatusId, toStatusId }) .then(res => { if (!res.success) { this.errorMessage = res.message; return; } const isEndStatus = res.data && res.data.isEndStatus; const updatedSprint = null; if(isEndStatus) { updatedSprint = res.data?.updatedSprint} this._sprintTickets = this._sprintTickets.map(ticket => ticket.Id === ticketId ? { ...ticket, CurrentState__c: toStatusId, currentStatuses: this._statuses.find(s => s.statusId === toStatusId) || null, isEndStatus: isEndStatus || false } : ticket ); if (isEndStatus) { this.columns = this.columns.map(col => ({ ...col, tickets: col.tickets.map(t => t.Id === ticketId ? { ...t, isEndStatus: true, _renderKey: t.Id + '_' + Date.now() } : t ) })); } }) .catch(err => { this.errorMessage = (err.body && err.body.message) || 'Error changing ticket state'; }) } update this method in the way that spread the ticket in enrichSprintTicketChangeState , and for the case of isEndStatus : to update update the isEndStatus to true and renderkey change and alsoto enrich the sprint with a totalEndStorYpOINT , so you can create a separate method called enrichSprintWithTicketStateChange that achieve the end status (change the method name to be reliable and easuy to understand ) in @force-app/main/default/lwc/manageTicketTracking/manageTicketTracking.js | E32: Success | F32: medium | G32: Claude Opus | H32: excellent
... A34: P029 | C34: TASK 41 | D34: # Use Case Specifications: Create Ticket --- ## Use Case 1: Create Ticket from Backlog ### Actor Project Member (authenticated user with access to the project's backlog) ### Front-End Pre-conditions - User is authenticated and logged into the application. - User has navigated to the **Backlog** view of a project. - User is an active member of the project. - The project's ticket types, statuses, and members are already loaded in the UI. ### Trigger User clicks the **"Create Ticket"** button on the Backlog page, which opens the ticket creation form/modal. ### Front-End Validation Before sending the request, the front-end validates: - `name` is not empty. - `summary` is not empty. - `ticketTypeId` is selected from the dropdown. - `storyPoint` (if provided) is a positive integer. - `priority` (if provided) is one of the allowed values (`Low`, `Medium`, `High`). - If any validation fails → display inline error messages on the form fields; the request is **not** sent. ### Request — Backend Method Call **Endpoint:** `POST /services/apexrest/tickets` **Backend Method:** `TicketController.createTicket(...)` **Request Body:** ```json { "name": "TICK-001", "summary": "Implement login validation", "ticketTypeId": "a01XXXXXXXXXXXX", "currentStateId": null, "description": "Add client-side validation for the login form", "storyPoint": 5, "assignedToId": "a03XXXXXXXXXXXX", "epicId": "a04XXXXXXXXXXXX", "sprintId": null, "priority": "Medium" } ``` ### Response Handling #### Success Case - Backend returns `APIResponse(success = true, message = "Ticket created successfully", data = { createdTicket })`. - Front-end: - Closes the creation modal. - Displays a success toast: *"Ticket created successfully."* - Appends the new ticket card to the Backlog list (no sprint refresh needed). #### Failure — Front-End Validation Failure - The request is never sent. - Inline error messages are displayed under the invalid form fields. - The "Create" button remains disabled or re-enabled depending on input correction. #### Failure — Back-End Failure - Backend returns `APIResponse(success = false, message = "<error reason>")`. - Possible reasons: - Missing required fields (`name`, `summary`, `ticketTypeId`). - Ticket type does not exist. - Assigned member is not active. - Epic is not active. - Current user is not a member of the project. - DML / unexpected server exception. - Front-end: - Keeps the modal open with the user's input preserved. - Displays an error toast or banner with the returned message. ### Post-conditions - A new `Ticket__c` record exists with `RecordStatus__c = 'active'`. - The ticket is not linked to any sprint. - No sprint record is modified. --- ## Use Case 2: Create Ticket from Sprint ### Actor Project Member (authenticated user with access to an active sprint) ### Front-End Pre-conditions - User is authenticated and logged into the application. - User has navigated to a **Sprint** view (Sprint board or Sprint backlog). - The selected sprint exists. - User is an active member of the project owning the sprint. - Project ticket types, statuses, members, and the current sprint context are loaded in the UI. ### Trigger User clicks the **"Create Ticket"** button from within the Sprint view (Sprint board or Sprint backlog), which opens the ticket creation form/modal with the current `sprintId` pre-filled. ### Front-End Validation Before sending the request, the front-end validates: - `name` is not empty. - `summary` is not empty. - `ticketTypeId` is selected from the dropdown. - `sprintId` is present (auto-filled from context — should never be empty in this flow). - `storyPoint` (if provided) is a positive integer. - `priority` (if provided) is one of the allowed values (`Low`, `Medium`, `High`). - If any validation fails → display inline error messages; the request is **not** sent. ### Request — Backend Method Call **Endpoint:** `POST /services/apexrest/tickets` **Backend Method:** `TicketController.createTicket(...)` **Request Body:** ```json { "name": "TICK-002", "summary": "Fix payment gateway timeout", "ticketTypeId": "a01XXXXXXXXXXXX", "currentStateId": "a02XXXXXXXXXXXX", "description": "Increase timeout threshold for the payment API", "storyPoint": 3, "assignedToId": "a03XXXXXXXXXXXX", "epicId": "a04XXXXXXXXXXXX", "sprintId": "a05XXXXXXXXXXXX", "priority": "High" } ``` ### Response Handling #### Success Case - Backend returns `APIResponse(success = true, message = "Ticket created successfully", data = { createdTicket, updatedSprint })`. - Front-end: - Closes the creation modal. - Displays a success toast: *"Ticket created successfully."* - Adds the new ticket card to the Sprint board / Sprint backlog. - Updates the sprint's displayed `totalStoryPoint` (and `endedStoryPoint` if the ticket was created already in an end status) using the `updatedSprint` returned from the backend. #### Failure — Front-End Validation Failure - The request is never sent. - Inline error messages are displayed under the invalid form fields. - The "Create" button stays disabled or re-enabled depending on input correction. #### Failure — Back-End Failure - Backend returns `APIResponse(success = false, message = "<error reason>")`. - Possible reasons: - Missing required fields (`name`, `summary`, `ticketTypeId`). - Ticket type does not exist. - Sprint does not exist. - Assigned member is not active. - Epic is not active. - Current user is not a member of the project. - DML / unexpected server exception. - Front-end: - Keeps the modal open with the user's input preserved. - Displays an error toast or banner with the returned message. - Does **not** update the sprint's story-point totals on the UI. ### Post-conditions - A new `Ticket__c` record exists with `RecordStatus__c = 'active'` and `Sprint__c` set to the current sprint. - The sprint's `totalStoryPoint` is increased by the ticket's `storyPoint`. - If the ticket was created already in an **end status**, the sprint's `endedStoryPoint` is also increased by the ticket's `storyPoint`. --- ## Quick Comparison | Aspect | Backlog | Sprint | |---|---|---| | Entry point | Backlog view | Sprint view | | `sprintId` in request | `null` | Populated | | Back-end sprint existence check | Skipped | Executes | | Sprint story-point update | None | `totalStoryPoint` (+ `endedStoryPoint` if end status) | | Response payload | `createdTicket` | `createdTicket` + `updatedSprint` | | UI side effect on success | Add card to Backlog | Add card to Sprint + refresh sprint metrics | | E34: Success | F34: medium | G34: Claude oPUS | H34: EXCELLENT

Sheet Analysis
A1: Analysis
A3: Top-line metrics
A4: Total prompts | B4: =COUNTA(Prompts!A4:A1000) -> 31
A5: Total groups | B5: =COUNTA(Groups!A4:A50) -> 2
A6: Total tokens used | B6: =SUM(Prompts!F4:F1000) -> 0
A7: Average tokens / prompt | B7: =IFERROR(SUM(Prompts!F4:F1000)/COUNTIF(Prompts!F4:F1000,">0"),0) -> 0
A8: Max tokens (single prompt) | B8: =IFERROR(MAX(Prompts!F4:F1000),0) -> 0
A9: Min tokens (>0) | B9: =IFERROR(SMALL(Prompts!F4:F1000,COUNTIF(Prompts!F4:F1000,0)+1),0) -> 0
A10: Success rate | B10: =IFERROR(COUNTIF(Prompts!E4:E1000,"Success")/COUNTA(Prompts!A4:A1000),0) -> 0.83870968
A11: Failure rate | B11: =IFERROR(COUNTIF(Prompts!E4:E1000,"Failed")/COUNTA(Prompts!A4:A1000),0) -> 0.096774194
A14: Status breakdown
A15: Status | B15: Count | C15: Tokens
A16: Draft | B16: =COUNTIF(Prompts!E4:E1000,A16) -> 0 | C16: =SUMIF(Prompts!E4:E1000,A16,Prompts!F4:F1000) -> 0
A17: Testing | B17: =COUNTIF(Prompts!E4:E1000,A17) -> 0 | C17: =SUMIF(Prompts!E4:E1000,A17,Prompts!F4:F1000) -> 0
A18: Success | B18: =COUNTIF(Prompts!E4:E1000,A18) -> 26 | C18: =SUMIF(Prompts!E4:E1000,A18,Prompts!F4:F1000) -> 0
A19: Failed | B19: =COUNTIF(Prompts!E4:E1000,A19) -> 3 | C19: =SUMIF(Prompts!E4:E1000,A19,Prompts!F4:F1000) -> 0
A20: Needs Review | B20: =COUNTIF(Prompts!E4:E1000,A20) -> 0 | C20: =SUMIF(Prompts!E4:E1000,A20,Prompts!F4:F1000) -> 0
A21: Total | B21: =SUM(B16:B20) -> 29 | C21: =SUM(C16:C20) -> 0
A24: Per-group breakdown
A25: Group ID | B25: Group Name | C25: Prompts | D25: Tokens | E25: Success | F25: Success %
A26: =IF(Groups!A4="","",Groups!A4) -> G001 | B26: =IF(Groups!A4="","",Groups!B4) -> 0 | C26: =IF(Groups!A4="","",COUNTIF(Prompts!$B$4:$B$1000,Groups!A4)) -> 3 | D26: =IF(Groups!A4="","",SUMIF(Prompts!$B$4:$B$1000,Groups!A4,Prompts!$F$4:$F$1000)) -> 0 | E26: =IF(Groups!A4="","",COUNTIFS(Prompts!$B$4:$B$1000,Groups!A4,Prompts!$E$4:$E$1000,"Success")) -> 3 | F26: =IFERROR(E26/C26,"") -> 1
A27: =IF(Groups!A5="","",Groups!A5) -> G002 | B27: =IF(Groups!A5="","",Groups!B5) -> 0 | C27: =IF(Groups!A5="","",COUNTIF(Prompts!$B$4:$B$1000,Groups!A5)) -> 3 | D27: =IF(Groups!A5="","",SUMIF(Prompts!$B$4:$B$1000,Groups!A5,Prompts!$F$4:$F$1000)) -> 0 | E27: =IF(Groups!A5="","",COUNTIFS(Prompts!$B$4:$B$1000,Groups!A5,Prompts!$E$4:$E$1000,"Success")) -> 2 | F27: =IFERROR(E27/C27,"") -> 0.66666667
A28: =IF(Groups!A6="","",Groups!A6) | B28: =IF(Groups!A6="","",Groups!B6) | C28: =IF(Groups!A6="","",COUNTIF(Prompts!$B$4:$B$1000,Groups!A6)) | D28: =IF(Groups!A6="","",SUMIF(Prompts!$B$4:$B$1000,Groups!A6,Prompts!$F$4:$F$1000)) | E28: =IF(Groups!A6="","",COUNTIFS(Prompts!$B$4:$B$1000,Groups!A6,Prompts!$E$4:$E$1000,"Success")) | F28: =IFERROR(E28/C28,"")
A29: =IF(Groups!A7="","",Groups!A7) | B29: =IF(Groups!A7="","",Groups!B7) | C29: =IF(Groups!A7="","",COUNTIF(Prompts!$B$4:$B$1000,Groups!A7)) | D29: =IF(Groups!A7="","",SUMIF(Prompts!$B$4:$B$1000,Groups!A7,Prompts!$F$4:$F$1000)) | E29: =IF(Groups!A7="","",COUNTIFS(Prompts!$B$4:$B$1000,Groups!A7,Prompts!$E$4:$E$1000,"Success")) | F29: =IFERROR(E29/C29,"")
A30: =IF(Groups!A8="","",Groups!A8) | B30: =IF(Groups!A8="","",Groups!B8) | C30: =IF(Groups!A8="","",COUNTIF(Prompts!$B$4:$B$1000,Groups!A8)) | D30: =IF(Groups!A8="","",SUMIF(Prompts!$B$4:$B$1000,Groups!A8,Prompts!$F$4:$F$1000)) | E30: =IF(Groups!A8="","",COUNTIFS(Prompts!$B$4:$B$1000,Groups!A8,Prompts!$E$4:$E$1000,"Success")) | F30: =IFERROR(E30/C30,"")
A31: =IF(Groups!A9="","",Groups!A9) | B31: =IF(Groups!A9="","",Groups!B9) | C31: =IF(Groups!A9="","",COUNTIF(Prompts!$B$4:$B$1000,Groups!A9)) | D31: =IF(Groups!A9="","",SUMIF(Prompts!$B$4:$B$1000,Groups!A9,Prompts!$F$4:$F$1000)) | E31: =IF(Groups!A9="","",COUNTIFS(Prompts!$B$4:$B$1000,Groups!A9,Prompts!$E$4:$E$1000,"Success")) | F31: =IFERROR(E31/C31,"")
A32: =IF(Groups!A10="","",Groups!A10) | B32: =IF(Groups!A10="","",Groups!B10) | C32: =IF(Groups!A10="","",COUNTIF(Prompts!$B$4:$B$1000,Groups!A10)) | D32: =IF(Groups!A10="","",SUMIF(Prompts!$B$4:$B$1000,Groups!A10,Prompts!$F$4:$F$1000)) | E32: =IF(Groups!A10="","",COUNTIFS(Prompts!$B$4:$B$1000,Groups!A10,Prompts!$E$4:$E$1000,"Success")) | F32: =IFERROR(E32/C32,"")
A33: =IF(Groups!A11="","",Groups!A11) | B33: =IF(Groups!A11="","",Groups!B11) | C33: =IF(Groups!A11="","",COUNTIF(Prompts!$B$4:$B$1000,Groups!A11)) | D33: =IF(Groups!A11="","",SUMIF(Prompts!$B$4:$B$1000,Groups!A11,Prompts!$F$4:$F$1000)) | E33: =IF(Groups!A11="","",COUNTIFS(Prompts!$B$4:$B$1000,Groups!A11,Prompts!$E$4:$E$1000,"Success")) | F33: =IFERROR(E33/C33,"")
A34: =IF(Groups!A12="","",Groups!A12) | B34: =IF(Groups!A12="","",Groups!B12) | C34: =IF(Groups!A12="","",COUNTIF(Prompts!$B$4:$B$1000,Groups!A12)) | D34: =IF(Groups!A12="","",SUMIF(Prompts!$B$4:$B$1000,Groups!A12,Prompts!$F$4:$F$1000)) | E34: =IF(Groups!A12="","",COUNTIFS(Prompts!$B$4:$B$1000,Groups!A12,Prompts!$E$4:$E$1000,"Success")) | F34: =IFERROR(E34/C34,"")
A35: =IF(Groups!A13="","",Groups!A13) | B35: =IF(Groups!A13="","",Groups!B13) | C35: =IF(Groups!A13="","",COUNTIF(Prompts!$B$4:$B$1000,Groups!A13)) | D35: =IF(Groups!A13="","",SUMIF(Prompts!$B$4:$B$1000,Groups!A13,Prompts!$F$4:$F$1000)) | E35: =IF(Groups!A13="","",COUNTIFS(Prompts!$B$4:$B$1000,Groups!A13,Prompts!$E$4:$E$1000,"Success")) | F35: =IFERROR(E35/C35,"")
